dep;Somme_detenu_etrangers;Somme_detenu_fr;Somme_Nombre_detenus;perc_theo_etr;perc_theo_fr;eff_theo_etr;eff_theo_fr;chi²_partiel_etr;chi²_partiel_fr;residu_pearson_etr;residu_pearson_fr;taux_etr_det
Ain;112;378;490;0,00243818057630512;0,00673931022279212;130,178118239795;359,821881760205;2,53839882776046;0,918354328879239;-1,59323533345217;0,958308055313759;0,228571428571429
Aisne;56;318;374;0,00186097864395534;0,00514388168025357;99,3604412687413;274,639558731259;18,9222978784359;6,84580136854834;-4,34997676757427;2,61644823540393;0,149732620320856
Allier;54;241;295;0,00146788422451022;0,0040573398280075;78,3725405729376;216,627459427062;7,57944976182907;2,74213036311538;-2,75308005002199;1,65593791040467;0,183050847457627
Alpes-de-Haute-Provence;9;42;51;0,000253769815084818;0,000701438410943669;13,5491510821011;37,4508489178989;1,52738540166697;0,552584952430567;-1,23587434703815;0,743360580358259;0,176470588235294
Alpes-Maritimes;477;871;1348;0,00670748452420265;0,0185399799598444;358,122659973966;989,877340026034;39,4608427534093;14,2763364714397;6,28178658929204;-3,778403958213;0,353857566765579
Ardèche;9;67;76;0,000378166783263651;0,00104528076924939;20,1908918086212;55,8091081913788;6,20260168096149;2,24400753803143;-2,49050229491191;1,4980011809179;0,118421052631579
Ardennes;11;46;57;0,000283625087447738;0,000783960576937042;15,1431688564659;41,8568311435341;1,13357041289674;0,410108641868387;-1,0646926377583;0,640397253170551;0,192982456140351
Ariège;31;112;143;0,000711550657982922;0,00196677828950872;37,9907569556952;105,009243044305;1,28638349771745;0,465394106240552;-1,13418847539439;0,682197996362164;0,216783216783217
Aube;113;357;470;0,00233866300176205;0,00646423633614754;124,864725658579;345,135274341421;1,12739377923474;0,40787402916712;-1,06178801049679;0,638650161799964;0,240425531914894
Aude;22;138;160;0,000796140596344528;0,00220059109315661;42,5071406497289;117,492859350271;9,89346286764281;3,57930532930547;-3,14538755444267;1,89190521150122;0,1375
Aveyron;42;161;203;0,00101010338161212;0,00279199994944245;53,9309346993435;149,069065300656;2,63943511443966;0,954907730271874;-1,6246338401128;0,977193803844393;0,206896551724138
Bas-Rhin;234;528;762;0,00379161959009082;0,0104803150811584;202,440257344334;559,559742655666;4,92005577130706;1,78000181314828;2,21811987306977;-1,33416708591851;0,307086614173228
Bouches-du-Rhône;888;1981;2869;0,0142757960682028;0,0394593490391645;762,206165775451;2106,79383422455;20,7609035972757;7,5109811277465;4,55641345767432;-2,74061692466249;0,309515510630882
Calvados;83,5;548;631,5;0,00314226741619731;0,00868545797080249;167,770370751899;463,729629248101;42,328662414201;15,3138702786297;-6,50604814109157;3,91329404448857;0,132224861441013
Cantal;14;82;96;0,000477684357806717;0,00132035465589397;25,5042843898373;70,4957156101627;5,1892677049583;1,87739862169972;-2,27799642338576;1,37018196663791;0,145833333333333
Charente;40;215;255;0,00126884907542409;0,00350719205471835;67,7457554105054;187,254244589495;11,3634712408892;4,11113214008705;-3,37097482056588;2,0275926958063;0,156862745098039
Charente-Maritime;24;187;211;0,00104991041142935;0,00290202950410028;56,05629173183;154,94370826817;18,3316771025846;6,63212369887039;-4,28155078243674;2,57529099304727;0,113744075829384
Cher;27;155;182;0,000905609928341901;0,00250317236846564;48,3518724890666;133,648127510933;9,42884805324652;3,41121471194621;-3,07064293809074;1,84694740367619;0,148351648351648
Corrèze;15;89;104;0,000517491387623944;0,0014303842105518;27,6296414223238;76,3703585776762;5,77306958198885;2,08860931684957;-2,40272128678897;1,44520217161806;0,144230769230769
Corse-du-Sud;19;72;91;0,000452804964170951;0,00125158618423282;24,1759362445333;66,8240637554667;1,10813975254139;0,400908213327297;-1,05268217071507;0,633173130610654;0,208791208791209
Côte-d'Or;71;227;298;0,00148281186069168;0,00409860091100419;79,1695494601201;218,83045053988;0,843020313194629;0,304992007358613;-0,918161376444593;0,552260814614447;0,238255033557047
Côtes-d'Armor;23;156;179;0,000890682292160441;0,00246191128546896;47,5548636018842;131,445136398116;12,6788572364499;4,58701891168475;-3,56073829934887;2,14173268912924;0,128491620111732
Creuse;2,5;40,5;43;0,000213962785267592;0,000591408856285839;11,4237940496146;31,5762059503854;6,97089775026397;2,5219654433805;-2,64024577459447;1,58806972245569;0,0581395348837209
Deux-Sèvres;14;107;121;0,00060208132598555;0,00166419701419969;32,1460251163575;88,8539748836425;10,2432019614121;3,70583564724795;-3,20050026736636;1,92505471279337;0,115702479338843
Dordogne;29;129;158;0,000786188838890222;0,00217308370449215;41,9758013916073;116,024198608393;4,01115443118382;1,45117504601543;-2,00278666641852;1,2046472703723;0,183544303797468
Doubs;108;379;487;0,00242325294012366;0,00669804913979543;129,381109352612;357,618890647388;3,53337391707204;1,27832127749403;-1,87972708579518;1,1306287089465;0,2217659137577
Drôme;103;382;485;0,00241330118266935;0,00667054175113097;128,849770094491;356,150229905509;5,18596667613764;1,8762043593663;-2,27727176159053;1,3697460930283;0,212371134020619
Essonne;1960;2575;4535;0,0225656100276402;0,0623730037966576;1204,81176779075;3330,18823220925;473,359641160457;171,25436350755;21,7568297589621;-13,0864190482939;0,432194046306505
Eure;23;269;292;0,00145295658832876;0,00401607874501081;77,5755316857552;214,424468314245;38,3946921672184;13,8906193038465;-6,19634506521533;3,72701211479739;0,0787671232876712
Finistère;57;410;467;0,00232373536558059;0,00642297525315085;124,067716771396;342,932283228604;36,2550287051406;13,1165214035266;-6,02121488614553;3,62167384002571;0,122055674518201
Gard;96;397;493;0,00245310821248658;0,0067805713057888;130,975127126977;362,024872873023;9,33963222163771;3,37893777253604;-3,05608118701675;1,83818872059863;0,1947261663286
Gironde;337;681;1018;0,00506544454424206;0,0140012608302089;270,4516823839;747,5483176161;16,3751193503278;5,92427067678539;4,04661826100854;-2,43398247257152;0,331041257367387
Haut-Rhin;137;365;502;0,00249789112103096;0,00690435455477886;133,366153788524;368,633846211476;0,0990119150440102;0,0358210143326891;0,314661588129232;-0,189264403237083;0,272908366533865
Haute-Corse;43,5;174,5;218;0,00108474156251942;0,00299830536442588;57,9159791352556;160,084020864744;3,58830943603295;1,29819611792306;-1,89428335684843;1,13938409587069;0,19954128440367
Haute-Garonne;457;811;1268;0,00630941422603039;0,0174396844132661;336,869089649101;931,130910350899;42,8398926026964;15,4988256337631;6,54521906453072;-3,93685478951955;0,360410094637224
Haute-Loire;9;73;82;0,000408022055626571;0,00112780293524276;21,7849095829861;60,2150904170139;7,50307970856972;2,71450083215261;-2,73917500510094;1,64757422659879;0,109756097560976
Haute-Marne;14;95;109;0,00054237078125971;0,00149915268221294;28,9579895676278;80,0420104323722;7,72641523966095;2,7953002516635;-2,77964300579426;1,67191514487533;0,128440366972477
Haute-Saône;8;71;79;0,000393094419445111;0,00108654185224608;20,9879006958036;58,0120993041964;8,03727666377724;2,9077652163478;-2,83500911176265;1,70521705842623;0,10126582278481
Haute-Savoie;87;207;294;0,00146290834578307;0,00404358613367527;78,1068709438768;215,893129056123;1,01255809448173;0,366328214124419;1,00625945684089;-0,605250538309896;0,295918367346939
Haute-Vienne;28;125;153;0,000761309445254455;0,00210431523283101;40,6474532463032;112,352546753697;3,93525450778332;1,42371560092974;-1,98374759175237;1,19319554178255;0,183006535947712
Hautes-Alpes;7;36;43;0,000213962785267592;0,000591408856285839;11,4237940496146;31,5762059503854;1,71308706270541;0,619769006579052;-1,3088495187398;0,787254092767419;0,162790697674419
Hautes-Pyrénées;19;134;153;0,000761309445254455;0,00210431523283101;40,6474532463032;112,352546753697;11,5286984700205;4,17090885423535;-3,39539371355083;2,04228030745913;0,124183006535948
Hauts-de-Seine;379;769;1148;0,00571230877877199;0,0157892410933987;304,988734161805;843,011265838195;17,9602288787033;6,49773934577925;4,23795102363197;-2,54906636747246;0,3301393728223
Hérault;380;1425;1805;0,00898146110251171;0,024825418269673;479,533680454754;1325,46631954525;20,659557292147;7,47431556636467;-4,54527857145708;2,73391945133076;0,210526315789474
Ille-et-Vilaine;188;695;883;0,00439370091607637;0,012144512095358;234,586282460691;648,413717539309;9,25152865181271;3,34706323262778;-3,04163256357712;1,82949808216018;0,212910532276331
Indre;19;134;153;0,000761309445254455;0,00210431523283101;40,6474532463032;112,352546753697;11,5286984700205;4,17090885423535;-3,39539371355083;2,04228030745913;0,124183006535948
Indre-et-Loire;66;206;272;0,0013534390137857;0,00374100485836624;72,2621391045391;199,737860895461;0,54266849349516;0,196329258703347;-0,736660365090427;0,443090576184314;0,242647058823529
Isère;189;612;801;0,0039856788604498;0,0110167091601153;212,801372877705;588,198627122295;2,66213203045982;0,963119131432075;-1,63160412798565;0,981386331386409;0,235955056179775
Jura;10;55;65;0,000323432117264965;0,000893990131594873;17,2685258889524;47,7314741110476;3,0594081358253;1,10684762166486;-1,74911638715818;1,05206825903306;0,153846153846154
Landes;128;375;503;0,00250286699975811;0,00691810824911109;133,631823417585;369,368176582415;0,237349414201641;0,0858694306053293;-0,487185194973781;0,29303486244017;0,254473161033797
Loir-et-Cher;35;141;176;0,000875754655978981;0,00242065020247227;46,7578547147018;129,242145285298;2,95666147079598;1,06967543123691;-1,71949453933299;1,03425114514653;0,198863636363636
Loire;101;336;437;0,00217445900376599;0,00601036442318399;116,097627899572;320,902372100428;1,96333355226783;0,710304404115161;-1,40119004859007;0,842795588571251;0,231121281464531
Loire-Atlantique;245,5;678,5;924;0,00459771194388965;0,0127084135629794;245,478737252184;678,521262747816;1,84172547787261E-06;6,6630844085863E-07;0,00135710186716864;-0,000816277183840533;0,265692640692641
Loiret;159;555;714;0,00355277741118746;0,00982013775321137;189,688115149415;524,311884850585;4,96478343243566;1,79618360490178;-2,22817939862024;1,34021774533162;0,222689075630252
Lot-et-Garonne;47;123;170;0,000845899383616061;0,0023381280364789;45,1638369403369;124,836163059663;0,0746503178223114;0,0270073566748434;0,273222103465864;-0,164339151375573;0,276470588235294
Lozère;6;67;73;0,000363239147082191;0,0010040196862527;19,3938829214388;53,6061170785612;9,25013832660081;3,3465602339804;-3,04140400581718;1,82936060796673;0,0821917808219178
Maine-et-Loire;89;402;491;0,00244315645503227;0,00675306391712434;130,443787868856;360,556212131144;13,1672621669459;4,76371643346964;-3,62867223195288;2,18259396898957;0,181262729124236
Manche;10;114;124;0,00061700896216701;0,00170545809719637;32,9430340035399;91,0569659964601;15,9785771168201;5,78080769029852;-3,99732124263488;2,40433102760384;0,0806451612903226
Marne;64;373;437;0,00217445900376599;0,00601036442318399;116,097627899572;320,902372100428;23,3782798310927;8,45790828842131;-4,8351090816126;2,908248319594;0,146453089244851
Mayenne;15;94;109;0,00054237078125971;0,00149915268221294;28,9579895676278;80,0420104323722;6,72786597684952;2,43404022109884;-2,59381301886808;1,56014109012578;0,137614678899083
Meurthe-et-Moselle;155;590;745;0,00370702965172921;0,0102465022775105;197,9238736503;547,0761263497;9,30892719087673;3,36782915650244;-3,05105345591924;1,8351646129169;0,208053691275168
Meuse;13;70;83;0,000412997934353724;0,00114155662957499;22,0505792120469;60,9494207879531;3,71477698095038;1,34395016416178;-1,9273756719826;1,15928864574867;0,156626506024096
Morbihan;64,5;350,5;415;0,00206498967176862;0,00570778314787496;110,252896060234;304,747103939766;18,9865987443537;6,86906444995244;-4,35736144293237;2,62089001103679;0,155421686746988
Moselle;192,5;508,5;701;0,00348809098773447;0,00964133972689239;186,234409971625;514,765590028375;0,210796803929292;0,0762630975421492;0,459126130741098;-0,276157740326338;0,274607703281027
Nièvre;10;132;142;0,000706574779255769;0,00195302459517649;37,7250873266344;104,274912673366;20,37584328471;7,37167212671129;-4,51396093079128;2,71508234252873;0,0704225352112676
Nord;516;2310;2826;0,0140618332829352;0,0388679401828786;750,782371725837;2075,21762827416;73,4204266763712;26,5624006476137;-8,56857203251342;5,15387239341581;0,182590233545648
Oise;110;573;683;0,00339852517064571;0,00939377322891228;181,45235664853;501,54764335147;28,1365277636923;10,1793704711937;-5,30438759553752;3,19051257185953;0,161054172767204
Paris;416;797;1213;0,00603574089603696;0,0166832312249935;322,257260050757;890,742739949243;27,2692112252406;9,865588456766;5,22199303190272;-3,14095343116799;0,342951360263809
Pas-de-Calais;170;763;933;0,00464249485243403;0,0128321968119695;247,869763913732;685,130236086268;24,4632505241369;8,85043428621475;-4,94603381752864;2,97496794709031;0,182207931404073
Puy-de-Dôme;122;465;587;0,00292084081283899;0,00807341857301831;155,948072258693;431,051927741307;7,39009846924986;2,67362592743834;-2,71847355500285;1,63512260318251;0,207836456558773
Pyrénées-Atlantiques;130;311;441;0,00219436251867461;0,0060653792005129;117,160306415815;323,839693584185;1,40711249721946;0,509072033484055;1,18621772757764;-0,713492840527538;0,294784580498866
Pyrénées-Orientales;114;318;432;0,00214957961013023;0,00594159595152285;114,769279754268;317,230720245732;0,00515635666263406;0,00186549190402583;-0,0718077757811371;0,0431913406138989;0,263888888888889
Rhône;686;1347;2033;0,0101159614523027;0,0279612605774212;540,106355880618;1492,89364411938;39,4088222859901;14,2575162525984;6,27764464476846;-3,77591263836949;0,337432365961633
Saône-et-Loire;54;289;343;0,00170672640341358;0,00471751715595448;91,1246827678563;251,875317232144;15,124794169381;5,4719219245437;-3,88906083384935;2,33921395441796;0,157434402332362
Sarthe;107;456;563;0,00280141972338731;0,00774332990904482;149,572001161234;413,427998838766;12,1170758484296;4,38377489662688;-3,48095904147544;2,09374661710219;0,190053285968028
Savoie;170;359;529;0,0026322398466641;0,00727570430174904;140,539233773166;388,460766226834;6,17576119756728;2,23429705682385;2,4851078844926;-1,49475652091698;0,321361058601134
Seine-et-Marne;224,5;569,5;794;0,00395084770935972;0,0109204332997897;210,94168547428;583,05831452572;0,871463088791783;0,315282173667124;0,933521873761822;-0,561499932027711;0,282745591939547
Seine-Maritime;174;820;994;0,00494602345479038;0,0136711721662354;264,075611286441;729,924388713559;30,724593267438;11,1156934527502;-5,5429769318876;3,33402061372604;0,175050301810865
Seine-Saint-Denis;455;673;1128;0,00561279120422893;0,0155141672067541;299,675341580589;828,324658419411;80,5062885249733;29,125958364131;8,97252966141507;-5,39684707622247;0,403368794326241
Somme;81;446;527;0,00262228808920979;0,00724819691308458;140,007894515045;386,992105484955;24,8695377297062;8,99742285630162;-4,98693670801086;2,9995704452974;0,153700189753321
Tarn;38;147;185;0,000920537564523361;0,00254443345146233;49,148881376249;135,851118623751;2,52900071092439;0,914954232257178;-1,59028321720516;0,956532400003878;0,205405405405405
Tarn-et-Garonne;60;183;243;0,00120913853069825;0,0033421477227316;64,5577198617758;178,442280138224;0,321771127959627;0,116411930638491;-0,567248735529333;0,341191926396993;0,246913580246914
Territoire de Belfort;2,5;44,5;47;0,000233866300176205;0,000646423633614754;12,4864725658579;34,5135274341421;7,98701424943066;2,88958103453591;-2,82613061436138;1,69987677039717;0,0531914893617021
Val-d'Oise;300;708;1008;0,00501568575697053;0,0138637238868866;267,794986093292;740,205013906708;3,87297363502519;1,40118332251931;1,96798720397903;-1,1837158960322;0,297619047619048
Val-de-Marne;821;1268;2089;0,0103946106610232;0,028731467460026;554,983855108023;1534,01614489198;127,507473761405;46,1302767763063;11,2919207295041;-6,79192732413314;0,393011010052657
Var;331;840;1171;0,00582675398949652;0,0161055760630399;311,099135630203;859,900864369797;1,27304886869186;0,460569839007307;1,12829467281019;-0,678652959182605;0,28266438941076
Vaucluse;150;524;674;0,00335374226210133;0,00926998997992222;179,061329986983;494,938670013017;4,71660129338764;1,70639505817983;-2,17177376662203;1,30629057187895;0,222551928783383
Vendée;11,5;110,5;122;0,000607057204712703;0,00167795070853191;32,4116947454183;89,5883052545817;13,4920120826873;4,88120604450424;-3,67314743546829;2,20934516192111;0,0942622950819672
Vienne;85;429;514;0,0025576016657568;0,00706939888676561;136,554189337254;377,445810662746;19,4635876872094;7,04163183995771;-4,4117556241489;2,65360732587881;0,165369649805447
Vosges;43;265;308;0,00153257064796322;0,00423613785432647;81,8262457507281;226,173754249272;18,4229075312614;6,66512948904983;-4,29219146022884;2,58169120714501;0,13961038961039
Yonne;25;161;186;0,000925513443250514;0,00255818714579456;49,4145510053098;136,58544899469;12,0626473106439;4,36408347432418;-3,47313220460205;2,08903888770032;0,134408602150538
Yvelines;309;793;1102;0,00548341835732294;0,0151565711541161;292,767931225008;809,232068774992;0,899962149589332;0,325592703110406;0,948663348922752;-0,570607310775463;0,280399274047187
